epoch,train_accuracy,train_loss,test_accuracy,test_loss
0,10.0,17.910402169545492,10.0,18.632456736246745
1,98.09166666666667,0.0733773295674473,96.26666666666667,0.1304864688316981
2,99.21666666666667,0.030399241261494656,97.81666666666666,0.08229766297464569
3,99.575,0.01803810123175693,98.38333333333334,0.05411519343219697
4,99.71666666666667,0.013017370094855627,98.03333333333333,0.06743332305147003
5,99.53333333333333,0.015521803687113181,98.6,0.047307022267797344
